{
    "t0": {
        "ELU": 2119.111111111111, 
        "ELS": 89.39505444480805,
        "intermediaries": {
            "ag": 80.0,
            "ly": 1601.7066666666667,
            "r": 4.47452045847746,
            "ec": 3.08,
            "ae": 63.57333333333333,
            "esb": 2509.090909090909,
            "rsle": 2119.111111111111
        }
    },
    "tN": {
        "ELU": 2026.8539445799745,
        "ELS": 89.07449390523847,
        "intermediaries": {
            "ag": 76.62618377476554,
            "ly": 1545.2204692239534,
            "r": 4.490623325073711,
            "ec": 3.096963333813379,
            "ae": 60.80561833739924,
            "esb": 2403.275763844919,
            "rsle": 2026.8539445799745
        }
    },
    "delta": 92.25716653113636,
    "delta_porcentagem": 4.353578538067468
}
