{
    "t0": {
        "ELU": 1579.160997732426,
        "ELS": 89.3105051044325,
        "intermediaries": {
            "ag": 75.0,
            "ly": 846.25,
            "r": 3.3590673308722665,
            "ec": 2.545918367346939,
            "ae": 53.29668367346939,
            "esb": 1704.5454545454545,
            "rsle": 1579.160997732426
        }
    },
    "tN": {
        "ELU": 1423.4676925065364,
        "ELS": 88.55811839132907,
        "intermediaries": {
            "ag": 67.74484684077733,
            "ly": 777.4312858812964,
            "r": 3.387605850819135,
            "ec": 2.570979928892563,
            "ae": 48.042034622095606,
            "esb": 1539.6556100176665,
            "rsle": 1423.4676925065364
        }
    },
    "delta": 155.69330522588962,
    "delta_porcentagem": 9.859242056348606
}
